state,year,pub_insurance_for_unauth_kids,pub_insurance_lpr_kids,hc_pregnant_unauth,hc_pregnant_lpr,snap_for_immigrants,tuition_equity,financial_aid,e_verify,definition_of_employee,drivers_license,real_id,secure_communities,omnibus,sanctuary_city,annual_score,neg
Alabama,2011,0,-1,-1,-1,0,-1,-1,-1,0,-1,0,-1,-1,-1,-10,-10
Alabama,2012,0,-1,-1,-1,0,-1,-1,-1,0,-1,-1,-1,-1,-1,-11,-11
Alabama,2013,0,-1,-1,-1,0,-1,-1,-1,0,-1,-1,-1,-1,-1,-11,-11
Alabama,2014,0,-1,-1,-1,0,-1,-1,-1,0,-1,-1,-1,-1,-1,-11,-11
Alabama,2015,0,-1,-1,-1,0,-1,-1,-1,0,-1,-1,0,-1,-1,-10,-10
Alabama,2016,0,-1,-1,-1,0,-1,-1,-1,0,-1,-1,0,-1,-1,-10,-10
Alabama,2017,0,-1,-1,-1,0,-1,-1,-1,0,-1,-1,-1,-1,-1,-11,-11
Alabama,2018,0,-1,-1,-1,0,-1,-1,-1,0,-1,-1,0,-1,-1,-10,-10
Alabama,2019,0,-1,-1,-1,0,-1,-1,-1,0,-1,-1,0,-1,-1,-10,-10
Alaska,2011,0,-1,-1,-1,0,-1,-1,0,0,-1,1,0,0,0,-5,-6
Alaska,2012,0,-1,-1,-1,0,-1,-1,0,0,-1,1,-1,0,0,-6,-7
Alaska,2013,0,-1,-1,-1,0,-1,-1,0,0,-1,1,-1,0,0,-6,-7
Alaska,2014,0,-1,-1,-1,0,-1,-1,0,0,-1,1,-1,0,0,-6,-7
Alaska,2015,0,-1,-1,-1,0,-1,-1,0,0,-1,1,0,0,0,-5,-6
Alaska,2016,0,-1,-1,-1,0,-1,-1,0,0,-1,1,0,0,0,-5,-6
Alaska,2017,0,-1,-1,-1,0,-1,-1,0,0,-1,1,-1,0,0,-6,-7
Alaska,2018,0,-1,-1,-1,0,-1,-1,0,0,-1,1,0,0,0,-5,-6
Alaska,2019,0,-1,-1,-1,0,-1,-1,0,0,-1,-1,0,0,0,-7,-7
Arizona,2011,0,-1,-1,-1,0,-1,-1,-1,1,-1,1,-1,-1,-1,-8,-10
Arizona,2012,0,-1,-1,-1,0,-1,-1,-1,1,-1,1,-1,-1,-1,-8,-10
Arizona,2013,0,-1,-1,-1,0,-1,-1,-1,1,-1,1,-1,-1,-1,-8,-10
Arizona,2014,0,-1,-1,-1,0,-1,-1,-1,1,-1,1,-1,-1,-1,-8,-10
Arizona,2015,0,-1,-1,-1,0,-1,-1,-1,1,-1,-1,0,-1,-1,-9,-10
Arizona,2016,0,-1,-1,-1,0,-1,-1,-1,1,-1,-1,0,-1,-1,-9,-10
Arizona,2017,0,-1,-1,-1,0,-1,-1,-1,1,-1,-1,-1,-1,-1,-10,-11
Arizona,2018,0,-1,-1,-1,0,-1,-1,-1,1,-1,-1,0,-1,-1,-9,-10
Arizona,2019,0,-1,-1,-1,0,-1,-1,-1,1,-1,-1,0,-1,-1,-9,-10
Arkansas,2011,0,-1,1,0,0,-1,-1,0,1,-1,1,-1,0,0,-2,-5
Arkansas,2012,0,-1,1,0,0,-1,-1,0,1,-1,1,-1,0,0,-2,-5
Arkansas,2013,0,-1,1,0,0,-1,-1,0,1,-1,1,-1,0,0,-2,-5
Arkansas,2014,0,-1,1,0,0,-1,-1,0,1,-1,1,-1,0,0,-2,-5
Arkansas,2015,0,-1,1,0,0,-1,-1,0,1,-1,-1,0,0,0,-3,-5
Arkansas,2016,0,-1,1,0,0,-1,-1,0,1,-1,-1,0,0,0,-3,-5
Arkansas,2017,0,1,1,0,0,-1,-1,0,1,-1,-1,-1,0,0,-2,-5
Arkansas,2018,0,1,1,0,0,-1,-1,0,1,-1,-1,0,0,0,-1,-4
Arkansas,2019,0,1,1,0,0,1,-1,0,1,-1,-1,0,0,0,1,-3
California,2011,0,1,1,1,1,1,1,1,1,-1,0,0,0,0,7,-1
California,2012,0,1,1,1,1,1,1,1,1,-1,0,0,0,0,7,-1
California,2013,0,1,1,1,1,1,1,1,1,1,0,0,0,1,10,0
California,2014,0,1,1,1,1,1,1,1,1,1,0,0,0,1,10,0
California,2015,0,1,1,1,1,1,1,1,1,1,0,0,0,1,10,0
California,2016,1,1,1,1,1,1,1,1,1,1,0,0,0,1,11,0
California,2017,1,1,1,1,1,1,1,1,1,1,0,-1,0,1,10,-1
California,2018,1,1,1,1,1,1,1,1,1,1,-1,0,0,1,10,-1
California,2019,1,1,1,1,1,1,1,1,1,1,-1,0,0,1,10,-1
Colorado,2011,0,-1,-1,1,0,-1,-1,-1,1,-1,-1,0,0,0,-5,-7
Colorado,2012,0,-1,-1,1,0,-1,-1,-1,1,-1,-1,0,0,0,-5,-7
Colorado,2013,0,-1,-1,1,0,1,-1,-1,1,1,-1,0,0,0,-1,-5
Colorado,2014,0,-1,-1,1,0,1,-1,-1,1,1,-1,0,0,0,-1,-5
Colorado,2015,0,1,-1,1,0,1,-1,-1,1,1,-1,0,0,0,1,-4
Colorado,2016,0,1,-1,1,0,1,-1,-1,1,1,-1,0,0,0,1,-4
Colorado,2017,0,1,-1,1,0,1,-1,-1,1,1,-1,-1,0,0,0,-5
Colorado,2018,0,1,-1,1,0,1,-1,-1,1,1,-1,0,0,0,1,-4
Colorado,2019,0,1,-1,1,0,1,1,-1,1,1,-1,0,0,0,3,-3
Connecticut,2011,0,1,-1,1,1,1,-1,0,0,-1,0,-1,0,0,0,-4
Connecticut,2012,0,1,-1,1,1,1,-1,0,0,-1,-1,-1,0,0,-1,-5
Connecticut,2013,0,1,-1,1,1,1,-1,0,0,1,-1,-1,0,1,2,-4
Connecticut,2014,0,1,-1,1,1,1,-1,0,0,1,-1,-1,0,1,2,-4
Connecticut,2015,0,1,-1,1,1,1,-1,0,0,1,-1,0,0,1,3,-3
Connecticut,2016,0,1,-1,1,1,1,-1,0,0,1,-1,0,0,1,3,-3
Connecticut,2017,0,1,-1,1,1,1,-1,0,0,1,-1,-1,0,1,2,-4
Connecticut,2018,0,1,-1,1,1,1,-1,0,0,1,-1,0,0,1,3,-3
Connecticut,2019,0,1,-1,1,1,1,-1,0,0,1,-1,0,0,1,3,-3
Delaware,2011,0,1,-1,1,0,-1,-1,0,0,-1,-1,-1,0,0,-4,-6
Delaware,2012,0,1,-1,1,0,-1,-1,0,0,-1,-1,-1,0,0,-4,-6
Delaware,2013,0,1,-1,1,0,-1,-1,0,0,-1,-1,-1,0,0,-4,-6
Delaware,2014,0,1,-1,1,0,-1,-1,0,0,-1,-1,-1,0,0,-4,-6
Delaware,2015,0,1,-1,1,0,-1,-1,0,0,1,-1,0,0,0,-1,-4
Delaware,2016,0,1,-1,1,0,-1,-1,0,0,1,-1,0,0,0,-1,-4
Delaware,2017,0,1,-1,1,0,-1,-1,0,0,1,-1,-1,0,0,-2,-5
Delaware,2018,0,1,-1,1,0,-1,-1,0,0,1,-1,0,0,0,-1,-4
Delaware,2019,0,1,-1,1,0,-1,-1,0,0,1,-1,0,0,0,-1,-4
DC,2011,1,1,1,1,0,-1,-1,0,0,-1,0,0,0,0,1,-3
DC,2012,1,1,1,1,0,-1,-1,0,0,-1,0,-1,0,0,0,-4
DC,2013,1,1,1,1,0,-1,-1,0,0,1,0,-1,0,0,2,-3
DC,2014,1,1,1,1,0,-1,-1,0,0,1,0,-1,0,0,2,-3
DC,2015,1,1,1,1,0,-1,-1,0,0,1,-1,0,0,0,2,-3
DC,2016,1,1,1,1,0,-1,-1,0,0,1,-1,0,0,0,2,-3
DC,2017,1,1,1,1,0,-1,-1,0,0,1,-1,-1,0,1,2,-4
DC,2018,1,1,1,1,0,-1,-1,0,0,1,-1,0,0,1,3,-3
DC,2019,1,1,1,1,0,-1,-1,0,0,1,-1,0,0,1,3,-3
Florida,2011,0,-1,-1,-1,0,-1,-1,-1,1,-1,-1,-1,0,0,-8,-9
Florida,2012,0,-1,-1,-1,0,-1,-1,-1,1,-1,-1,-1,0,0,-8,-9
Florida,2013,0,-1,-1,-1,0,-1,-1,-1,1,-1,-1,-1,0,0,-8,-9
Florida,2014,0,-1,-1,-1,0,1,-1,-1,1,-1,-1,-1,0,0,-6,-8
Florida,2015,0,-1,-1,-1,0,1,-1,-1,1,-1,-1,0,0,0,-5,-7
Florida,2016,0,1,-1,-1,0,1,-1,-1,1,-1,-1,0,0,0,-3,-6
Florida,2017,0,1,-1,-1,0,1,-1,-1,1,-1,-1,-1,0,0,-4,-7
Florida,2018,0,1,-1,-1,0,1,-1,-1,1,-1,-1,0,0,0,-3,-6
Florida,2019,0,1,-1,-1,0,1,-1,-1,1,-1,-1,0,0,-1,-4,-7
Georgia,2011,0,-1,-1,-1,0,-1,-1,-1,0,-1,1,-1,-1,-1,-9,-10
Georgia,2012,0,-1,-1,-1,0,-1,-1,-1,0,-1,-1,-1,-1,-1,-11,-11
Georgia,2013,0,-1,-1,-1,0,-1,-1,-1,0,-1,-1,-1,-1,-1,-11,-11
Georgia,2014,0,-1,-1,-1,0,-1,-1,-1,0,-1,-1,-1,-1,-1,-11,-11
Georgia,2015,0,-1,-1,-1,0,-1,-1,-1,0,-1,-1,0,-1,-1,-10,-10
Georgia,2016,0,-1,-1,-1,0,-1,-1,-1,0,-1,-1,0,-1,-1,-10,-10
Georgia,2017,0,-1,-1,-1,0,-1,-1,-1,0,-1,-1,-1,-1,-1,-11,-11
Georgia,2018,0,-1,-1,-1,0,-1,-1,-1,0,-1,-1,0,-1,-1,-10,-10
Georgia,2019,0,-1,-1,-1,0,-1,-1,-1,0,-1,-1,0,-1,-1,-10,-10
Hawaii,2011,0,-1,-1,1,0,-1,-1,0,1,-1,1,-1,0,0,-3,-6
Hawaii,2012,0,-1,-1,1,0,-1,-1,0,1,-1,1,-1,0,0,-3,-6
Hawaii,2013,0,-1,-1,1,0,-1,-1,0,1,1,-1,-1,0,0,-3,-6
Hawaii,2014,0,-1,-1,1,0,-1,-1,0,1,1,-1,-1,0,0,-3,-6
Hawaii,2015,0,1,-1,1,0,-1,-1,0,1,1,-1,0,0,0,0,-4
Hawaii,2016,0,1,-1,1,0,-1,-1,0,1,1,-1,0,0,0,0,-4
Hawaii,2017,0,1,-1,1,0,-1,-1,0,1,1,-1,-1,0,0,-1,-5
Hawaii,2018,0,1,-1,1,0,-1,-1,0,1,1,-1,0,0,0,0,-4
Hawaii,2019,0,1,-1,1,0,-1,-1,0,1,1,-1,0,0,0,0,-4
Idaho,2011,0,-1,-1,-1,0,-1,-1,-1,0,-1,1,-1,0,0,-7,-8
Idaho,2012,0,-1,-1,-1,0,-1,-1,-1,0,-1,1,-1,0,0,-7,-8
Idaho,2013,0,-1,-1,-1,0,-1,-1,-1,0,-1,1,-1,0,0,-7,-8
Idaho,2014,0,-1,-1,-1,0,-1,-1,-1,0,-1,1,-1,0,0,-7,-8
Idaho,2015,0,-1,-1,-1,0,-1,-1,-1,0,-1,1,0,0,0,-6,-7
Idaho,2016,0,-1,-1,-1,0,-1,-1,-1,0,-1,1,0,0,0,-6,-7
Idaho,2017,0,-1,-1,-1,0,-1,-1,-1,0,-1,1,-1,0,0,-7,-8
Idaho,2018,0,-1,-1,-1,0,-1,-1,-1,0,-1,-1,0,0,0,-8,-8
Idaho,2019,0,-1,-1,-1,0,-1,-1,-1,0,-1,-1,0,0,0,-8,-8
Illinois,2011,1,1,1,0,0,1,-1,0,0,-1,1,-1,0,0,2,-3
Illinois,2012,1,1,1,0,0,1,-1,0,0,-1,1,0,0,0,3,-2
Illinois,2013,1,1,1,0,0,1,-1,0,0,1,1,0,0,0,5,-1
Illinois,2014,1,1,1,0,0,1,-1,0,0,1,1,0,0,0,5,-1
Illinois,2015,1,1,1,0,0,1,-1,0,0,1,1,0,0,0,5,-1
Illinois,2016,1,1,1,-1,0,1,-1,0,0,1,1,0,0,0,4,-2
Illinois,2017,1,1,1,-1,0,1,-1,0,0,1,1,-1,0,1,4,-3
Illinois,2018,1,1,1,-1,0,1,-1,0,0,1,1,0,0,1,5,-2
Illinois,2019,1,1,1,-1,0,1,-1,0,0,1,-1,0,0,1,3,-3
Indiana,2011,0,-1,-1,-1,0,-1,-1,-1,0,-1,-1,-1,-1,0,-10,-10
Indiana,2012,0,-1,-1,-1,0,-1,-1,-1,0,-1,-1,-1,-1,0,-10,-10
Indiana,2013,0,-1,-1,-1,0,-1,-1,-1,0,-1,-1,-1,-1,0,-10,-10
Indiana,2014,0,-1,-1,-1,0,-1,-1,-1,0,-1,-1,-1,-1,0,-10,-10
Indiana,2015,0,-1,-1,-1,0,-1,-1,-1,0,-1,-1,0,-1,0,-9,-9
Indiana,2016,0,-1,-1,-1,0,-1,-1,-1,0,-1,-1,0,-1,0,-9,-9
Indiana,2017,0,-1,-1,-1,0,-1,-1,-1,0,-1,-1,-1,-1,0,-10,-10
Indiana,2018,0,-1,-1,-1,0,-1,-1,-1,0,-1,-1,0,-1,0,-9,-9
Indiana,2019,0,-1,-1,-1,0,-1,-1,-1,0,-1,-1,0,-1,0,-9,-9
Iowa,2011,0,1,-1,-1,0,-1,-1,0,0,-1,0,-1,0,0,-5,-6
Iowa,2012,0,1,-1,-1,0,-1,-1,0,0,-1,-1,-1,0,0,-6,-7
Iowa,2013,0,1,-1,-1,0,-1,-1,0,0,-1,-1,-1,0,0,-6,-7
Iowa,2014,0,1,-1,-1,0,-1,-1,0,0,-1,-1,-1,0,0,-6,-7
Iowa,2015,0,1,-1,-1,0,-1,-1,0,0,-1,-1,0,0,0,-5,-6
Iowa,2016,0,1,-1,-1,0,-1,-1,0,0,-1,-1,0,0,0,-5,-6
Iowa,2017,0,1,-1,-1,0,-1,-1,0,0,-1,-1,-1,0,0,-6,-7
Iowa,2018,0,1,-1,-1,0,-1,-1,0,0,-1,-1,0,0,-1,-6,-7
Iowa,2019,0,1,-1,-1,0,-1,-1,0,0,-1,-1,0,0,-1,-6,-7
Kansas,2011,0,-1,-1,-1,0,1,-1,0,0,-1,0,-1,0,0,-5,-6
Kansas,2012,0,-1,-1,-1,0,1,-1,0,0,-1,0,-1,0,0,-5,-6
Kansas,2013,0,-1,-1,-1,0,1,-1,0,0,-1,-1,-1,0,0,-6,-7
Kansas,2014,0,-1,-1,-1,0,1,-1,0,0,-1,-1,-1,0,0,-6,-7
Kansas,2015,0,-1,-1,-1,0,1,-1,0,0,-1,-1,0,0,0,-5,-6
Kansas,2016,0,-1,-1,-1,0,1,-1,0,0,-1,-1,0,0,0,-5,-6
Kansas,2017,0,-1,-1,-1,0,1,-1,0,0,-1,-1,-1,0,0,-6,-7
Kansas,2018,0,-1,-1,-1,0,1,-1,0,0,-1,-1,0,0,0,-5,-6
Kansas,2019,0,-1,-1,-1,0,1,-1,0,0,-1,-1,0,0,0,-5,-6
Kentucky,2011,0,-1,-1,-1,0,-1,-1,0,1,-1,0,1,0,0,-4,-6
Kentucky,2012,0,-1,-1,-1,0,-1,-1,0,1,-1,0,1,0,0,-4,-6
Kentucky,2013,0,1,-1,-1,0,-1,-1,0,1,-1,0,1,0,0,-2,-5
Kentucky,2014,0,1,-1,-1,0,-1,-1,0,1,-1,0,1,0,0,-2,-5
Kentucky,2015,0,1,-1,-1,0,1,-1,0,1,-1,0,1,0,0,0,-4
Kentucky,2016,0,1,-1,-1,0,1,-1,0,1,-1,0,1,0,0,0,-4
Kentucky,2017,0,1,-1,-1,0,1,-1,0,1,-1,0,-1,0,0,-2,-5
Kentucky,2018,0,1,-1,-1,0,1,-1,0,1,-1,0,0,0,0,-1,-4
Kentucky,2019,0,1,-1,-1,0,1,-1,0,1,1,-1,0,0,0,0,-4
Louisiana,2011,0,-1,1,0,0,-1,-1,-1,0,-1,1,-1,0,0,-4,-6
Louisiana,2012,0,-1,1,0,0,-1,-1,-1,0,-1,1,-1,0,0,-4,-6
Louisiana,2013,0,-1,1,0,0,-1,-1,-1,0,-1,1,-1,0,0,-4,-6
Louisiana,2014,0,-1,1,0,0,-1,-1,-1,0,-1,1,-1,0,0,-4,-6
Louisiana,2015,0,-1,1,0,0,-1,-1,-1,0,-1,1,0,0,0,-3,-5
Louisiana,2016,0,-1,1,0,0,-1,-1,-1,0,-1,-1,0,0,0,-5,-6
Louisiana,2017,0,-1,1,0,0,-1,-1,-1,0,-1,-1,-1,0,0,-6,-7
Louisiana,2018,0,-1,1,0,0,-1,-1,-1,0,-1,-1,0,0,0,-5,-6
Louisiana,2019,0,-1,1,0,0,-1,-1,-1,0,-1,-1,0,0,0,-5,-6
Maine,2011,0,1,-1,1,1,-1,-1,0,0,-1,1,0,0,0,0,-4
Maine,2012,0,1,-1,1,1,-1,-1,0,0,-1,1,-1,0,0,-1,-5
Maine,2013,0,1,-1,1,1,-1,-1,0,0,-1,1,-1,0,0,-1,-5
Maine,2014,0,1,-1,1,1,-1,-1,0,0,-1,1,-1,0,0,-1,-5
Maine,2015,0,1,-1,1,1,-1,-1,0,0,-1,1,0,0,0,0,-4
Maine,2016,0,1,-1,1,1,-1,-1,0,0,-1,1,0,0,0,0,-4
Maine,2017,0,1,-1,1,1,-1,-1,0,0,-1,1,-1,0,0,-1,-5
Maine,2018,0,1,-1,1,1,-1,-1,0,0,-1,1,0,0,0,0,-4
Maine,2019,0,1,-1,1,1,-1,-1,0,0,-1,-1,0,0,0,-2,-5
Maryland,2011,0,1,-1,1,0,1,-1,0,0,-1,0,-1,0,0,-1,-4
Maryland,2012,0,1,-1,1,0,1,-1,0,0,-1,0,-1,0,0,-1,-4
Maryland,2013,0,1,-1,1,0,1,-1,0,0,1,-1,-1,0,0,0,-4
Maryland,2014,0,1,-1,1,0,1,-1,0,0,1,-1,-1,0,0,0,-4
Maryland,2015,0,1,-1,1,0,1,-1,0,0,1,-1,0,0,0,1,-3
Maryland,2016,0,1,-1,1,0,1,-1,0,0,1,-1,0,0,0,1,-3
Maryland,2017,0,1,-1,1,0,1,-1,0,0,1,-1,-1,0,0,0,-4
Maryland,2018,0,1,-1,1,0,1,1,0,0,1,-1,0,0,0,3,-2
Maryland,2019,0,1,-1,1,0,1,1,0,0,1,-1,0,0,0,3,-2
Massachusetts,2011,1,1,1,1,0,-1,-1,-1,0,-1,0,-1,0,0,-1,-5
Massachusetts,2012,1,1,1,1,0,-1,-1,-1,0,-1,0,0,0,0,0,-4
Massachusetts,2013,1,1,1,1,0,-1,-1,-1,0,-1,0,0,0,0,0,-4
Massachusetts,2014,1,1,1,1,0,-1,-1,-1,0,-1,0,0,0,0,0,-4
Massachusetts,2015,1,1,1,1,0,-1,-1,-1,0,-1,0,0,0,0,0,-4
Massachusetts,2016,1,1,1,1,0,-1,-1,-1,0,-1,0,0,0,0,0,-4
Massachusetts,2017,1,1,1,1,0,-1,-1,-1,0,-1,0,-1,0,1,0,-5
Massachusetts,2018,1,1,1,1,0,-1,-1,-1,0,-1,-1,0,0,1,0,-5
Massachusetts,2019,1,1,1,1,0,-1,-1,-1,0,-1,-1,0,0,1,0,-5
Michigan,2011,0,-1,1,0,0,-1,-1,0,0,-1,1,-1,0,0,-3,-5
Michigan,2012,0,-1,1,0,0,-1,-1,-1,0,-1,1,-1,0,0,-4,-6
Michigan,2013,0,-1,1,0,0,-1,-1,-1,0,-1,1,-1,0,0,-4,-6
Michigan,2014,0,-1,1,0,0,-1,-1,-1,0,-1,1,-1,0,0,-4,-6
Michigan,2015,0,-1,1,0,0,-1,-1,-1,0,-1,1,0,0,0,-3,-5
Michigan,2016,0,-1,1,0,0,-1,-1,-1,0,-1,1,0,0,0,-3,-5
Michigan,2017,0,-1,1,0,0,-1,-1,-1,0,-1,-1,-1,0,0,-6,-7
Michigan,2018,0,-1,1,0,0,-1,-1,-1,0,-1,-1,0,0,0,-5,-6
Michigan,2019,0,-1,1,0,0,-1,-1,-1,0,-1,-1,0,0,0,-5,-6
Minnesota,2011,0,1,1,1,1,-1,-1,-1,0,-1,1,0,0,0,1,-4
Minnesota,2012,0,1,1,1,1,-1,-1,-1,0,-1,1,-1,0,0,0,-5
Minnesota,2013,0,1,1,1,1,1,1,-1,0,-1,1,-1,0,0,4,-3
Minnesota,2014,0,1,1,1,1,1,1,-1,0,-1,1,-1,0,0,4,-3
Minnesota,2015,0,1,1,1,1,1,1,-1,0,-1,1,0,0,0,5,-2
Minnesota,2016,0,1,1,1,1,1,1,-1,0,-1,1,0,0,0,5,-2
Minnesota,2017,0,1,1,1,1,1,1,-1,0,-1,1,-1,0,0,4,-3
Minnesota,2018,0,1,1,1,0,1,1,-1,0,-1,-1,0,0,0,2,-3
Minnesota,2019,0,1,1,1,0,1,1,-1,0,-1,-1,0,0,0,2,-3
Mississippi,2011,0,-1,-1,-1,0,-1,-1,-1,1,-1,0,-1,0,0,-7,-8
Mississippi,2012,0,-1,-1,-1,0,-1,-1,-1,1,-1,0,-1,0,0,-7,-8
Mississippi,2013,0,-1,-1,-1,0,-1,-1,-1,1,-1,-1,-1,0,0,-8,-9
Mississippi,2014,0,-1,-1,-1,0,-1,-1,-1,1,-1,-1,-1,0,0,-8,-9
Mississippi,2015,0,-1,-1,-1,0,-1,-1,-1,1,-1,-1,0,0,0,-7,-8
Mississippi,2016,0,-1,-1,-1,0,-1,-1,-1,1,-1,-1,0,0,0,-7,-8
Mississippi,2017,0,-1,-1,-1,0,-1,-1,-1,1,-1,-1,-1,0,-1,-9,-10
Mississippi,2018,0,-1,-1,-1,0,-1,-1,-1,1,-1,-1,0,0,-1,-8,-9
Mississippi,2019,0,-1,-1,-1,0,-1,-1,-1,1,-1,-1,0,0,-1,-8,-9
Missouri,2011,0,-1,-1,-1,0,-1,-1,-1,0,-1,1,-1,0,0,-7,-8
Missouri,2012,0,-1,-1,-1,0,-1,-1,-1,0,-1,1,-1,0,0,-7,-8
Missouri,2013,0,-1,-1,-1,0,-1,-1,-1,0,-1,1,-1,0,0,-7,-8
Missouri,2014,0,-1,1,-1,0,-1,-1,-1,0,-1,1,-1,0,0,-5,-7
Missouri,2015,0,-1,1,0,0,-1,-1,-1,0,-1,1,0,0,0,-3,-5
Missouri,2016,0,-1,1,0,0,-1,-1,-1,0,-1,1,0,0,0,-3,-5
Missouri,2017,0,-1,1,0,0,-1,-1,-1,0,-1,1,-1,0,0,-4,-6
Missouri,2018,0,-1,1,0,0,-1,-1,-1,0,-1,1,0,0,0,-3,-5
Missouri,2019,0,-1,1,0,0,-1,-1,-1,0,-1,-1,0,0,0,-5,-6
Montana,2011,0,1,-1,-1,0,-1,-1,0,0,-1,1,-1,0,0,-4,-6
Montana,2012,0,1,-1,-1,0,-1,-1,0,0,-1,1,-1,0,0,-4,-6
Montana,2013,0,1,-1,-1,0,-1,-1,0,0,-1,1,-1,0,0,-4,-6
Montana,2014,0,1,-1,-1,0,-1,-1,0,0,-1,1,-1,0,0,-4,-6
Montana,2015,0,1,-1,-1,0,-1,-1,0,0,-1,1,0,0,0,-3,-5
Montana,2016,0,1,-1,-1,0,-1,-1,0,0,-1,1,0,0,0,-3,-5
Montana,2017,0,1,-1,-1,0,-1,-1,0,0,-1,1,-1,0,0,-4,-6
Montana,2018,0,1,-1,-1,0,-1,-1,0,0,-1,1,0,0,0,-3,-5
Montana,2019,0,1,-1,-1,0,-1,-1,0,0,-1,-1,0,0,0,-5,-6
Nebraska,2011,0,1,-1,1,0,1,-1,-1,0,-1,1,-1,0,0,-1,-5
Nebraska,2012,0,1,1,1,0,1,-1,-1,0,-1,1,-1,0,0,1,-4
Nebraska,2013,0,1,1,1,0,1,-1,-1,0,-1,-1,-1,0,0,-1,-5
Nebraska,2014,0,1,1,1,0,1,-1,-1,0,-1,-1,-1,0,0,-1,-5
Nebraska,2015,0,1,1,1,0,1,-1,-1,0,-1,-1,0,0,0,0,-4
Nebraska,2016,0,1,1,1,0,1,-1,-1,0,-1,-1,0,0,0,0,-4
Nebraska,2017,0,1,1,1,0,1,-1,-1,0,-1,-1,-1,0,0,-1,-5
Nebraska,2018,0,1,1,1,0,1,-1,-1,0,-1,-1,0,0,0,0,-4
Nebraska,2019,0,1,1,1,0,1,-1,-1,0,-1,-1,0,0,0,0,-4
Nevada,2011,0,-1,-1,-1,0,-1,-1,0,1,-1,1,-1,0,0,-5,-7
Nevada,2012,0,-1,-1,-1,0,-1,-1,0,1,-1,1,-1,0,0,-5,-7
Nevada,2013,0,-1,-1,-1,0,-1,-1,0,1,1,1,-1,0,0,-3,-6
Nevada,2014,0,-1,-1,-1,0,-1,-1,0,1,1,1,-1,0,0,-3,-6
Nevada,2015,0,-1,-1,-1,0,-1,-1,0,1,1,-1,0,0,0,-4,-6
Nevada,2016,0,-1,-1,-1,0,-1,-1,0,1,1,-1,0,0,0,-4,-6
Nevada,2017,0,1,-1,-1,0,-1,-1,0,1,1,-1,-1,0,0,-3,-6
Nevada,2018,0,1,-1,-1,0,-1,-1,0,1,1,-1,0,0,0,-2,-5
Nevada,2019,0,1,-1,-1,0,-1,-1,0,1,1,-1,0,0,0,-2,-5
New Hampshire,2011,0,-1,-1,-1,0,-1,-1,0,0,-1,1,0,0,0,-5,-6
New Hampshire,2012,0,-1,-1,-1,0,-1,-1,0,0,-1,1,-1,0,0,-6,-7
New Hampshire,2013,0,-1,-1,-1,0,-1,-1,0,0,-1,1,-1,0,0,-6,-7
New Hampshire,2014,0,-1,-1,-1,0,-1,-1,0,0,-1,1,-1,0,0,-6,-7
New Hampshire,2015,0,-1,-1,-1,0,-1,-1,0,0,-1,1,0,0,0,-5,-6
New Hampshire,2016,0,-1,-1,-1,0,-1,-1,0,0,-1,1,0,0,0,-5,-6
New Hampshire,2017,0,-1,-1,-1,0,-1,-1,0,0,-1,-1,-1,0,0,-8,-8
New Hampshire,2018,0,-1,-1,-1,0,-1,-1,0,0,-1,-1,0,0,0,-7,-7
New Hampshire,2019,0,-1,-1,-1,0,-1,-1,0,0,-1,-1,0,0,0,-7,-7
New Jersey,2011,0,1,1,1,0,-1,-1,0,0,-1,0,0,0,0,0,-3
New Jersey,2012,0,1,1,1,0,-1,-1,0,0,-1,0,-1,0,0,-1,-4
New Jersey,2013,0,1,1,1,0,1,-1,0,0,-1,0,-1,0,0,1,-3
New Jersey,2014,0,1,1,1,0,1,-1,0,0,-1,0,-1,0,0,1,-3
New Jersey,2015,0,1,1,1,0,1,-1,0,0,-1,0,0,0,0,2,-2
New Jersey,2016,0,1,1,1,0,1,-1,0,0,-1,0,0,0,0,2,-2
New Jersey,2017,0,1,1,1,0,1,-1,0,0,-1,0,-1,0,0,1,-3
New Jersey,2018,0,1,1,1,0,1,1,0,0,-1,0,0,0,0,4,-1
New Jersey,2019,0,1,1,1,0,1,1,0,0,1,-1,0,0,1,6,-1
New Mexico,2011,0,1,-1,1,0,1,1,0,0,0,0,-1,0,0,2,-2
New Mexico,2012,0,1,-1,1,0,1,1,0,0,0,0,-1,0,0,2,-2
New Mexico,2013,0,1,-1,1,0,1,1,0,0,0,0,-1,0,0,2,-2
New Mexico,2014,0,1,-1,1,0,1,1,0,0,0,0,-1,0,0,2,-2
New Mexico,2015,0,1,-1,1,0,1,1,0,0,0,-1,0,0,0,2,-2
New Mexico,2016,0,1,-1,1,0,1,1,0,0,0,-1,0,0,0,2,-2
New Mexico,2017,0,1,-1,1,0,1,1,0,0,0,-1,-1,0,0,1,-3
New Mexico,2018,0,1,-1,1,0,1,1,0,0,0,-1,0,0,0,2,-2
New Mexico,2019,0,1,-1,1,0,1,1,0,0,1,-1,0,0,0,3,-2
New York,2011,1,1,1,1,0,1,-1,0,0,-1,0,-1,0,0,2,-3
New York,2012,1,1,1,1,0,1,-1,0,0,-1,0,-1,0,0,2,-3
New York,2013,1,1,1,1,0,1,-1,0,0,-1,0,-1,0,0,2,-3
New York,2014,1,1,1,1,0,1,-1,0,0,-1,0,-1,0,0,2,-3
New York,2015,1,1,1,1,0,1,-1,0,0,-1,0,0,0,0,3,-2
New York,2016,1,1,1,1,0,1,-1,0,0,-1,0,0,0,0,3,-2
New York,2017,1,1,1,1,0,1,-1,0,0,-1,-1,-1,0,0,1,-4
New York,2018,1,1,1,1,0,1,-1,0,0,-1,-1,0,0,0,2,-3
New York,2019,1,1,1,1,0,1,1,0,0,1,-1,0,0,1,7,-1
North Carolina,2011,0,1,-1,1,0,-1,-1,-1,1,-1,0,-1,0,0,-3,-6
North Carolina,2012,0,1,-1,1,0,-1,-1,-1,1,-1,0,-1,0,0,-3,-6
North Carolina,2013,0,1,-1,1,0,-1,-1,-1,1,-1,0,-1,0,0,-3,-6
North Carolina,2014,0,1,-1,1,0,-1,-1,-1,1,-1,0,-1,0,0,-3,-6
North Carolina,2015,0,1,-1,1,0,-1,-1,-1,1,-1,0,0,0,-1,-3,-6
North Carolina,2017,0,1,-1,1,0,-1,-1,-1,1,-1,0,-1,0,-1,-4,-7
North Carolina,2018,0,1,-1,1,0,-1,-1,-1,1,-1,-1,0,0,-1,-4,-7
North Carolina,2019,0,1,-1,1,0,-1,-1,-1,1,-1,-1,0,0,-1,-4,-7
North Dakota,2011,0,-1,-1,-1,0,-1,-1,0,0,-1,1,0,0,0,-5,-6
North Dakota,2012,0,-1,-1,-1,0,-1,-1,0,0,-1,1,-1,0,0,-6,-7
North Dakota,2013,0,-1,-1,-1,0,-1,-1,0,0,-1,1,-1,0,0,-6,-7
North Dakota,2014,0,-1,-1,-1,0,-1,-1,0,0,-1,1,-1,0,0,-6,-7
North Dakota,2015,0,-1,-1,-1,0,-1,-1,0,0,-1,1,0,0,0,-5,-6
North Dakota,2016,0,-1,-1,-1,0,-1,-1,0,0,-1,1,0,0,0,-5,-6
North Dakota,2017,0,-1,-1,-1,0,-1,-1,0,0,-1,1,-1,0,0,-6,-7
North Dakota,2018,0,-1,-1,-1,0,-1,-1,0,0,-1,-1,0,0,0,-7,-7
North Dakota,2019,0,-1,-1,-1,0,-1,-1,0,0,-1,-1,0,0,0,-7,-7
Ohio,2011,0,-1,-1,-1,0,-1,-1,0,0,-1,0,-1,0,0,-7,-7
Ohio,2012,0,-1,-1,-1,0,-1,-1,0,0,-1,-1,-1,0,0,-8,-8
Ohio,2013,0,-1,-1,-1,0,-1,-1,0,0,-1,-1,-1,0,0,-8,-8
Ohio,2014,0,1,-1,1,0,-1,-1,0,0,-1,-1,-1,0,0,-4,-6
Ohio,2015,0,1,-1,1,0,-1,-1,0,0,-1,-1,0,0,0,-3,-5
Ohio,2016,0,1,-1,1,0,-1,-1,0,0,-1,-1,0,0,0,-3,-5
Ohio,2017,0,1,-1,1,0,-1,-1,0,0,-1,-1,-1,0,0,-4,-6
Ohio,2018,0,1,-1,1,0,-1,-1,0,0,-1,-1,0,0,0,-3,-5
Ohio,2019,0,1,-1,1,0,-1,-1,0,0,-1,-1,0,0,0,-3,-5
Oklahoma,2011,0,-1,1,0,0,1,1,-1,0,-1,1,-1,0,0,0,-4
Oklahoma,2012,0,-1,1,0,0,1,1,-1,0,-1,1,-1,0,0,0,-4
Oklahoma,2013,0,-1,1,0,0,1,1,-1,0,-1,1,-1,0,0,0,-4
Oklahoma,2014,0,-1,1,0,0,1,1,-1,0,-1,1,-1,0,0,0,-4
Oklahoma,2015,0,-1,1,0,0,1,1,-1,0,-1,1,0,0,0,1,-3
Oklahoma,2016,0,-1,1,0,0,1,1,-1,0,-1,1,0,0,0,1,-3
Oklahoma,2017,0,-1,1,0,0,1,1,-1,0,-1,1,-1,0,0,0,-4
Oklahoma,2018,0,-1,1,0,0,1,1,-1,0,-1,1,0,0,0,1,-3
Oklahoma,2019,0,-1,1,0,0,1,1,-1,0,-1,1,0,0,0,1,-3
Oregon,2011,0,1,-1,-1,0,-1,-1,0,1,-1,1,-1,0,1,-2,-6
Oregon,2012,0,1,-1,-1,0,-1,-1,0,1,-1,1,-1,0,1,-2,-6
Oregon,2013,0,1,1,1,0,1,-1,0,1,1,1,-1,0,1,6,-2
Oregon,2014,0,1,1,1,0,1,-1,0,1,-1,1,-1,0,1,4,-3
Oregon,2015,0,1,1,1,0,1,1,0,1,-1,1,0,0,1,7,-1
Oregon,2016,0,1,1,1,0,1,1,0,1,-1,1,0,0,1,7,-1
Oregon,2017,0,1,1,1,0,1,1,0,1,-1,1,-1,0,1,6,-2
Oregon,2018,1,1,1,1,0,1,1,0,1,-1,1,0,0,1,8,-1
Oregon,2019,1,1,1,1,0,1,1,0,1,1,1,0,0,1,10,0
Pennsylvania,2011,0,1,-1,1,0,-1,-1,0,0,-1,1,-1,0,0,-2,-5
Pennsylvania,2012,0,1,-1,1,0,-1,-1,-1,0,-1,1,-1,0,0,-3,-6
Pennsylvania,2013,0,1,-1,1,0,-1,-1,-1,0,-1,1,-1,0,0,-3,-6
Pennsylvania,2014,0,1,-1,1,0,-1,-1,-1,0,-1,1,-1,0,0,-3,-6
Pennsylvania,2015,0,1,-1,1,0,-1,-1,-1,0,-1,1,0,0,0,-2,-5
Pennsylvania,2016,0,1,-1,1,0,-1,-1,-1,0,-1,1,0,0,0,-2,-5
Pennsylvania,2017,0,1,-1,1,0,-1,-1,-1,0,-1,1,-1,0,0,-3,-6
Pennsylvania,2018,0,1,-1,1,0,-1,-1,-1,0,-1,1,0,0,0,-2,-5
Pennsylvania,2019,0,1,-1,1,0,-1,-1,-1,0,-1,-1,0,0,0,-4,-6
Rhode Island,2011,0,1,1,0,0,1,-1,0,0,-1,0,-1,0,0,0,-3
Rhode Island,2012,0,1,1,0,0,1,-1,0,0,-1,0,-1,0,0,0,-3
Rhode Island,2013,0,1,1,0,0,1,-1,0,0,-1,0,-1,0,0,0,-3
Rhode Island,2014,0,1,1,0,0,1,-1,0,0,-1,0,-1,0,1,1,-3
Rhode Island,2015,0,1,1,0,0,1,-1,0,0,-1,0,0,0,1,2,-2
Rhode Island,2016,0,1,1,0,0,1,-1,0,0,-1,0,0,0,1,2,-2
Rhode Island,2017,0,1,1,0,0,1,-1,0,0,1,0,-1,0,1,3,-2
Rhode Island,2018,0,1,1,0,0,1,-1,0,0,-1,-1,0,0,1,1,-3
Rhode Island,2019,0,1,1,0,0,1,1,0,0,-1,-1,0,0,1,3,-2
South Carolina,2011,0,-1,-1,-1,0,-1,-1,-1,0,-1,1,-1,-1,-1,-9,-10
South Carolina,2012,0,-1,-1,-1,0,-1,-1,-1,0,-1,1,-1,-1,-1,-9,-10
South Carolina,2013,0,-1,-1,-1,0,-1,-1,-1,0,-1,1,-1,-1,-1,-9,-10
South Carolina,2014,0,-1,-1,-1,0,-1,-1,-1,0,-1,1,-1,-1,-1,-9,-10
South Carolina,2015,0,-1,-1,-1,0,-1,-1,-1,0,-1,1,0,-1,-1,-8,-9
South Carolina,2016,0,-1,-1,-1,0,-1,-1,-1,0,-1,1,0,-1,-1,-8,-9
South Carolina,2017,0,1,-1,1,0,-1,-1,-1,0,-1,1,-1,-1,-1,-5,-8
South Carolina,2018,0,1,-1,1,0,-1,-1,-1,0,-1,-1,0,-1,-1,-6,-8
South Carolina,2019,0,1,-1,1,0,-1,-1,-1,0,-1,-1,0,-1,-1,-6,-8
South Dakota,2011,0,-1,-1,-1,0,-1,-1,0,0,-1,1,-1,0,0,-6,-7
South Dakota,2012,0,-1,-1,-1,0,-1,-1,0,0,-1,-1,-1,0,0,-8,-8
South Dakota,2013,0,-1,-1,-1,0,-1,-1,0,0,-1,-1,-1,0,0,-8,-8
South Dakota,2014,0,-1,-1,-1,0,-1,-1,0,0,-1,-1,-1,0,0,-8,-8
South Dakota,2015,0,-1,-1,-1,0,-1,-1,0,0,-1,-1,0,0,0,-7,-7
South Dakota,2016,0,-1,-1,-1,0,-1,-1,0,0,-1,-1,0,0,0,-7,-7
South Dakota,2017,0,-1,-1,-1,0,-1,-1,0,0,-1,-1,-1,0,0,-8,-8
South Dakota,2018,0,-1,-1,-1,0,-1,-1,0,0,-1,-1,0,0,0,-7,-7
South Dakota,2019,0,-1,-1,-1,0,-1,-1,0,0,-1,-1,0,0,0,-7,-7
Tennessee,2011,0,-1,-1,0,0,-1,-1,-1,1,-1,0,-1,0,0,-6,-7
Tennessee,2012,0,-1,-1,0,0,-1,-1,-1,1,-1,-1,-1,0,0,-7,-8
Tennessee,2013,0,-1,-1,0,0,-1,-1,-1,1,-1,-1,-1,0,0,-7,-8
Tennessee,2014,0,-1,-1,0,0,-1,-1,-1,1,-1,-1,-1,0,0,-7,-8
Tennessee,2015,0,-1,-1,0,0,-1,-1,-1,1,-1,-1,0,0,0,-6,-7
Tennessee,2016,0,-1,-1,0,0,-1,-1,-1,1,-1,-1,0,0,0,-6,-7
Tennessee,2017,0,-1,-1,-1,0,-1,-1,-1,1,-1,-1,-1,0,0,-8,-9
Tennessee,2018,0,-1,-1,-1,0,-1,-1,-1,1,-1,-1,0,0,-1,-8,-9
Tennessee,2019,0,-1,-1,-1,0,-1,-1,-1,1,-1,-1,0,0,-1,-8,-9
Texas,2011,0,1,1,0,0,1,1,0,1,-1,0,-1,0,0,3,-2
Texas,2012,0,1,1,0,0,1,1,0,1,-1,0,-1,0,0,3,-2
Texas,2013,0,1,1,0,0,1,1,0,1,-1,0,-1,0,0,3,-2
Texas,2014,0,1,1,0,0,1,1,-1,1,-1,0,-1,0,0,2,-3
Texas,2015,0,1,1,0,0,1,1,-1,1,-1,0,0,0,0,3,-2
Texas,2016,0,1,1,0,0,1,1,-1,1,-1,-1,0,0,0,2,-3
Texas,2017,0,1,1,0,0,1,1,-1,1,-1,-1,-1,0,0,1,-4
Texas,2018,0,1,1,0,0,1,1,-1,1,-1,-1,0,0,-1,1,-4
Texas,2019,0,1,1,0,0,1,1,-1,1,-1,-1,0,0,-1,1,-4
Utah,2011,0,-1,-1,-1,0,1,-1,-1,0,1,1,-1,-1,0,-4,-7
Utah,2012,0,-1,-1,-1,0,1,-1,-1,0,1,1,-1,-1,0,-4,-7
Utah,2013,0,-1,-1,-1,0,1,-1,-1,0,1,-1,-1,-1,0,-6,-8
Utah,2014,0,-1,-1,-1,0,1,-1,-1,0,1,-1,-1,-1,0,-6,-8
Utah,2015,0,-1,-1,-1,0,1,-1,-1,0,1,-1,0,-1,0,-5,-7
Utah,2016,0,1,-1,-1,0,1,-1,-1,0,1,-1,0,-1,0,-3,-6
Utah,2017,0,1,-1,-1,0,1,-1,-1,0,1,-1,-1,-1,0,-4,-7
Utah,2018,0,1,-1,-1,0,1,-1,-1,0,1,-1,0,-1,0,-3,-6
Utah,2019,0,1,-1,-1,0,1,-1,-1,0,1,-1,0,-1,0,-3,-6
Vermont,2011,0,1,-1,1,0,-1,-1,0,0,-1,0,0,0,0,-2,-4
Vermont,2012,0,1,-1,1,0,-1,-1,0,0,-1,0,-1,0,0,-3,-5
Vermont,2013,0,1,-1,1,0,-1,-1,0,0,1,-1,-1,0,0,-2,-5
Vermont,2014,0,1,-1,1,0,-1,-1,0,0,1,-1,-1,0,1,-1,-5
Vermont,2015,0,1,-1,1,0,-1,-1,0,0,1,-1,0,0,1,0,-4
Vermont,2016,0,1,-1,1,0,-1,-1,0,0,1,-1,0,0,1,0,-4
Vermont,2017,0,1,-1,1,0,-1,-1,0,0,1,-1,-1,0,1,-1,-5
Vermont,2018,0,1,-1,1,0,-1,-1,0,0,1,-1,0,0,1,0,-4
Vermont,2019,0,1,-1,1,0,-1,-1,0,0,1,-1,0,0,1,0,-4
Virginia,2011,0,1,-1,-1,0,-1,-1,0,1,-1,1,-1,0,0,-3,-6
Virginia,2012,0,1,-1,1,0,-1,-1,-1,1,-1,1,-1,0,0,-2,-6
Virginia,2013,0,1,-1,1,0,-1,-1,-1,1,-1,1,-1,0,0,-2,-6
Virginia,2014,0,1,-1,1,0,-1,-1,-1,1,-1,1,-1,0,0,-2,-6
Virginia,2015,0,1,-1,1,0,-1,-1,-1,1,-1,1,0,0,0,-1,-5
Virginia,2016,0,1,-1,1,0,-1,-1,-1,1,-1,1,0,0,0,-1,-5
Virginia,2017,0,1,-1,1,0,-1,-1,-1,1,-1,1,-1,0,0,-2,-6
Virginia,2018,0,1,-1,1,0,-1,-1,-1,1,-1,-1,0,0,0,-3,-6
Virginia,2019,0,1,-1,1,0,-1,-1,-1,1,-1,-1,0,0,0,-3,-6
Washington,2011,1,1,1,1,1,1,-1,0,0,1,1,-1,0,0,6,-2
Washington,2012,1,1,1,1,1,1,-1,0,0,1,1,-1,0,0,6,-2
Washington,2013,1,1,1,1,1,1,-1,0,0,1,1,-1,0,0,6,-2
Washington,2014,1,1,1,1,1,1,1,0,0,1,1,-1,0,0,8,-1
Washington,2015,1,1,1,1,1,1,1,0,0,1,1,0,0,0,9,0
Washington,2016,1,1,1,1,1,1,1,0,0,1,1,0,0,0,9,0
Washington,2017,1,1,1,1,1,1,1,0,0,1,1,-1,0,0,8,-1
Washington,2018,1,1,1,1,1,1,1,0,0,1,-1,0,0,0,7,-1
Washington,2019,1,1,1,1,1,1,1,0,0,1,-1,0,0,1,8,-1
West Virginia,2011,0,-1,-1,-1,0,-1,-1,0,0,-1,0,-1,0,0,-7,-7
West Virginia,2012,0,-1,-1,-1,0,-1,-1,-1,0,-1,-1,-1,0,0,-9,-9
West Virginia,2013,0,-1,-1,-1,0,-1,-1,-1,0,-1,-1,-1,0,0,-9,-9
West Virginia,2014,0,-1,-1,-1,0,-1,-1,-1,0,-1,-1,-1,0,0,-9,-9
West Virginia,2015,0,1,-1,1,0,-1,-1,-1,0,-1,-1,0,0,0,-4,-6
West Virginia,2016,0,1,-1,1,0,-1,-1,-1,0,-1,-1,0,0,0,-4,-6
West Virginia,2017,0,1,-1,1,0,-1,-1,-1,0,-1,-1,-1,0,0,-5,-7
West Virginia,2018,0,1,-1,1,0,-1,-1,-1,0,-1,-1,0,0,0,-4,-6
West Virginia,2019,0,1,-1,1,0,-1,-1,-1,0,-1,-1,0,0,0,-4,-6
Wisconsin,2011,0,1,1,1,0,1,-1,0,0,-1,0,-1,0,0,1,-3
Wisconsin,2012,0,1,1,1,0,1,-1,0,0,-1,0,-1,0,0,1,-3
Wisconsin,2013,0,1,1,1,0,-1,-1,0,0,-1,-1,-1,0,0,-2,-5
Wisconsin,2014,0,1,1,1,0,-1,-1,0,0,-1,-1,-1,0,0,-2,-5
Wisconsin,2015,0,1,1,1,0,-1,-1,0,0,-1,-1,0,0,0,-1,-4
Wisconsin,2016,0,1,1,1,0,-1,-1,0,0,-1,-1,0,0,0,-1,-4
Wisconsin,2017,0,1,1,1,0,-1,-1,0,0,-1,-1,-1,0,0,-2,-5
Wisconsin,2018,0,1,1,1,0,-1,-1,0,0,-1,-1,0,0,0,-1,-4
Wisconsin,2019,0,1,1,1,0,-1,-1,0,0,-1,-1,0,0,0,-1,-4
Wyoming,2011,0,-1,-1,-1,0,-1,-1,0,-1,-1,-1,-1,0,0,-9,-9
Wyoming,2012,0,-1,-1,-1,0,-1,-1,0,-1,-1,-1,-1,0,0,-9,-9
Wyoming,2013,0,-1,-1,-1,0,-1,-1,0,-1,-1,-1,-1,0,0,-9,-9
Wyoming,2014,0,-1,-1,1,0,-1,-1,0,-1,-1,-1,-1,0,0,-7,-8
Wyoming,2015,0,-1,-1,1,0,-1,-1,0,-1,-1,-1,0,0,0,-6,-7
Wyoming,2016,0,-1,-1,1,0,-1,-1,0,-1,-1,-1,0,0,0,-6,-7
Wyoming,2017,0,-1,-1,1,0,-1,-1,0,-1,-1,-1,-1,0,0,-7,-8
Wyoming,2018,0,-1,-1,1,0,-1,-1,0,-1,-1,-1,0,0,0,-6,-7
Wyoming,2019,0,-1,-1,1,0,-1,-1,0,-1,-1,-1,0,0,0,-6,-7